<?xml version="1.0" encoding="utf-8"?>
<manifest identifier="ZIchYFfaE595K" xmlns="http://www.imsproject.org/xsd/imscp_rootv1p1p2" xmlns:adlcp="http://www.adlnet.org/xsd/adlcp_rootv1p2" xmlns:xsi="http://www.w3.org/2001/XMLSchema-instance" xmlns:lom="http://www.imsglobal.org/xsd/imsmd_rootv1p2p1" xsi:schemaLocation="http://www.imsproject.org/xsd/imscp_rootv1p1p2 imscp_rootv1p1p2.xsd http://www.imsglobal.org/xsd/imsmd_rootv1p2p1 imsmd_rootv1p2p1.xsd http://www.adlnet.org/xsd/adlcp_rootv1p2 adlcp_rootv1p2.xsd">
<metadata>
<schema>ADL SCORM</schema>
<schemaversion>1.2</schemaversion>
<lom:lom>
<lom:general>
<lom:title>
<lom:langstring>medziai</lom:langstring>
</lom:title>
</lom:general>
<lom:educational>
<lom:typicallearningtime>
<lom:datetime>01:00:00</lom:datetime>
</lom:typicallearningtime>
</lom:educational>
</lom:lom>
</metadata>
<organizations default="medziai_organization">
<organization identifier="medziai_organization">
<title>medziai</title>
<item identifier="BFB59279-FA65-4BA8-8ADB-D3279AB2A042" identifierref="resource">
<title>medziai</title>
</item>
</organization>
</organizations>
<resources>
<resource identifier="resource" type="webcontent" adlcp:scormtype="sco" href="res/index.html">
<file href="res/index.html"/>
<file href="res/lms.js"/>
<file href="res/data/slide1.js"/>
<file href="res/data/slide1.css"/>
<file href="res/data.local-only/slide1.js"/>
<file href="res/data/slide2.js"/>
<file href="res/data/slide2.css"/>
<file href="res/data.local-only/slide2.js"/>
<file href="res/data/slide3.js"/>
<file href="res/data/slide3.css"/>
<file href="res/data.local-only/slide3.js"/>
<file href="res/data/slide4.js"/>
<file href="res/data/slide4.css"/>
<file href="res/data.local-only/slide4.js"/>
<file href="res/data/slide5.js"/>
<file href="res/data/slide5.css"/>
<file href="res/data.local-only/slide5.js"/>
<file href="res/data/slide6.js"/>
<file href="res/data/slide6.css"/>
<file href="res/data.local-only/slide6.js"/>
<file href="res/data/slide7.js"/>
<file href="res/data/slide7.css"/>
<file href="res/data.local-only/slide7.js"/>
<file href="res/data/slide8.js"/>
<file href="res/data/slide8.css"/>
<file href="res/data.local-only/slide8.js"/>
<file href="res/data/slide9.js"/>
<file href="res/data/slide9.css"/>
<file href="res/data.local-only/slide9.js"/>
<file href="res/data/slide10.js"/>
<file href="res/data/slide10.css"/>
<file href="res/data.local-only/slide10.js"/>
<file href="res/data/slide11.js"/>
<file href="res/data/slide11.css"/>
<file href="res/data.local-only/slide11.js"/>
<file href="res/data/quiz1.js"/>
<file href="res/data/quiz1/fonts/fnt0.woff"/>
<file href="res/data/quiz1/fonts/fnt1.woff"/>
<file href="res/data/quiz1/fonts/fnt2.woff"/>
<file href="res/data/quiz1/images/img-0a8f26090bba94e34f6b2f13c20dbeb2a4010220.jpg"/>
<file href="res/data/quiz1/images/img-345dfdc5b475011ccdf1568412078f9c4b0cd5c3.jpg"/>
<file href="res/data/quiz1/images/img-58c2fa7b7a57a2ee53340f1223e04ed5a908ba31.jpg"/>
<file href="res/data/quiz1/images/img-85d124e35cc2987ebb6b056b31fca481da021e93.jpg"/>
<file href="res/data/quiz1/images/img-9fc925b301aa94ae33e518620fa214fd78f8e22b.jpg"/>
<file href="res/data/quiz1/images/img-b808900ded2bee9aad91b4c7ea7c1524daadf9cf.jpg"/>
<file href="res/data/quiz1/images/img-d5cbddb5f7babe4cd7e1c5bd28d845bea3f5a88f.jpg"/>
<file href="res/data/quiz1/images/img-e4afa28ad039ddfd8c31cb9265bad78932fc618a.jpg"/>
<file href="res/data/quiz1/images/img-feccb39102d6b83dc47e352b4a656ed7caf0996b.png"/>
<file href="res/data/quiz1/images/quiz_bg_0.png"/>
<file href="res/data/quizplayer.js"/>
<file href="res/index.html"/>
<file href="res/data/player.js"/>
<file href="res/data/browsersupport.js"/>
<file href="res/data/apple-touch-icon.png"/>
<file href="res/data/favicon.ico"/>
<file href="res/data/fnt0.woff"/>
<file href="res/data/fnt1.woff"/>
<file href="res/data/fnt2.woff"/>
<file href="res/data/fnt3.woff"/>
<file href="res/data/fnt4.woff"/>
<file href="res/data/fnt5.woff"/>
<file href="res/data/fnt6.woff"/>
<file href="res/data/fnt7.woff"/>
<file href="res/data/fnt8.woff"/>
<file href="res/data/fnt9.woff"/>
<file href="res/data/html5-unsupported.html"/>
<file href="res/data/html5.png"/>
<file href="res/data/img0.png"/>
<file href="res/data/img1.png"/>
<file href="res/data/img10.png"/>
<file href="res/data/img11.jpg"/>
<file href="res/data/img12.png"/>
<file href="res/data/img13.jpg"/>
<file href="res/data/img14.png"/>
<file href="res/data/img15.jpg"/>
<file href="res/data/img16.png"/>
<file href="res/data/img17.jpg"/>
<file href="res/data/img18.png"/>
<file href="res/data/img19.png"/>
<file href="res/data/img2.png"/>
<file href="res/data/img20.png"/>
<file href="res/data/img21.jpg"/>
<file href="res/data/img22.png"/>
<file href="res/data/img23.jpg"/>
<file href="res/data/img24.png"/>
<file href="res/data/img25.jpg"/>
<file href="res/data/img26.png"/>
<file href="res/data/img27.jpg"/>
<file href="res/data/img28.jpg"/>
<file href="res/data/img29.jpg"/>
<file href="res/data/img3.jpg"/>
<file href="res/data/img30.png"/>
<file href="res/data/img31.jpg"/>
<file href="res/data/img32.png"/>
<file href="res/data/img33.png"/>
<file href="res/data/img34.png"/>
<file href="res/data/img35.png"/>
<file href="res/data/img36.png"/>
<file href="res/data/img4.png"/>
<file href="res/data/img5.jpg"/>
<file href="res/data/img6.png"/>
<file href="res/data/img7.jpg"/>
<file href="res/data/img8.png"/>
<file href="res/data/img9.jpg"/>
<file href="res/data/quiz_bg_0.png"/>
</resource>
</resources>
</manifest>
